Fund Name,P1,P2,P3,P4,P5,Topsis Score,Rank
M1,0.74,0.55,3.9,44.1,12.32,0.4428892703244499,2
M2,0.73,0.53,6.5,45.5,13.32,0.7475710748432257,3
M3,0.71,0.5,6.8,45.0,13.25,0.7142006762369543,8
M4,0.7,0.49,5.9,36.7,10.95,0.5165294391079875,4
M5,0.76,0.58,3.2,52.1,14.16,0.4899726167414346,5
M6,0.62,0.38,5.5,45.6,13.03,0.4545080438454187,6
M7,0.6,0.36,4.9,42.2,12.02,0.3243121042559924,1
M8,0.79,0.62,5.0,37.5,10.98,0.5544534315853727,7
